{
  "model_name": "fertilizer_random_forest",
  "n_rows": 3000,
  "n_train": 2400,
  "n_test": 600,
  "classes": [
    "DAP",
    "MOP",
    "NPK_10_26_26",
    "NPK_19_19_19",
    "Organic_Compost",
    "SSP",
    "Urea",
    "Zinc_Sulphate"
  ],
  "samples_per_class": 375,
  "accuracy_train": 1.0,
  "accuracy_test": 0.9666666666666667,
  "f1_macro": 0.9666361442648606,
  "f1_macro_test": 0.9666361442648606,
  "f1_weighted": 0.9666361442648604,
  "precision_macro": 0.9668791214055272,
  "recall_macro": 0.9666666666666667,
  "classification_report_test": {
    "DAP": {
      "precision": 0.9864864864864865,
      "recall": 0.9733333333333334,
      "f1-score": 0.9798657718120806,
      "support": 75.0
    },
    "MOP": {
      "precision": 0.9102564102564102,
      "recall": 0.9466666666666667,
      "f1-score": 0.9281045751633987,
      "support": 75.0
    },
    "NPK_10_26_26": {
      "precision": 0.958904109589041,
      "recall": 0.9333333333333333,
      "f1-score": 0.9459459459459459,
      "support": 75.0
    },
    "NPK_19_19_19": {
      "precision": 0.9583333333333334,
      "recall": 0.92,
      "f1-score": 0.9387755102040817,
      "support": 75.0
    },
    "Organic_Compost": {
      "precision": 0.9605263157894737,
      "recall": 0.9733333333333334,
      "f1-score": 0.9668874172185431,
      "support": 75.0
    },
    "SSP": {
      "precision": 0.9736842105263158,
      "recall": 0.9866666666666667,
      "f1-score": 0.9801324503311258,
      "support": 75.0
    },
    "Urea": {
      "precision": 1.0,
      "recall": 1.0,
      "f1-score": 1.0,
      "support": 75.0
    },
    "Zinc_Sulphate": {
      "precision": 0.9868421052631579,
      "recall": 1.0,
      "f1-score": 0.9933774834437086,
      "support": 75.0
    },
    "accuracy": 0.9666666666666667,
    "macro avg": {
      "precision": 0.9668791214055272,
      "recall": 0.9666666666666667,
      "f1-score": 0.9666361442648606,
      "support": 600.0
    },
    "weighted avg": {
      "precision": 0.9668791214055272,
      "recall": 0.9666666666666667,
      "f1-score": 0.9666361442648604,
      "support": 600.0
    }
  },
  "classification_report_text": "                 precision    recall  f1-score   support\n\n            DAP       0.99      0.97      0.98        75\n            MOP       0.91      0.95      0.93        75\n   NPK_10_26_26       0.96      0.93      0.95        75\n   NPK_19_19_19       0.96      0.92      0.94        75\nOrganic_Compost       0.96      0.97      0.97        75\n            SSP       0.97      0.99      0.98        75\n           Urea       1.00      1.00      1.00        75\n  Zinc_Sulphate       0.99      1.00      0.99        75\n\n       accuracy                           0.97       600\n      macro avg       0.97      0.97      0.97       600\n   weighted avg       0.97      0.97      0.97       600\n",
  "confusion_matrix_test": [
    [
      73,
      0,
      0,
      0,
      0,
      2,
      0,
      0
    ],
    [
      0,
      71,
      1,
      1,
      1,
      0,
      0,
      1
    ],
    [
      0,
      1,
      70,
      2,
      2,
      0,
      0,
      0
    ],
    [
      0,
      6,
      0,
      69,
      0,
      0,
      0,
      0
    ],
    [
      0,
      0,
      2,
      0,
      73,
      0,
      0,
      0
    ],
    [
      1,
      0,
      0,
      0,
      0,
      74,
      0,
      0
    ],
    [
      0,
      0,
      0,
      0,
      0,
      0,
      75,
      0
    ],
    [
      0,
      0,
      0,
      0,
      0,
      0,
      0,
      75
    ]
  ],
  "confusion_matrix_labels": [
    "DAP",
    "MOP",
    "NPK_10_26_26",
    "NPK_19_19_19",
    "Organic_Compost",
    "SSP",
    "Urea",
    "Zinc_Sulphate"
  ],
  "numeric_features": [
    "temperature",
    "humidity",
    "moisture",
    "N",
    "P",
    "K",
    "soil_pH"
  ],
  "categorical_features": [
    "soil_type",
    "crop_type"
  ],
  "hyperparameters": {
    "n_estimators": 200,
    "class_weight": "balanced"
  }
}