{
  "model_name": "crop_random_forest",
  "n_train": 2400,
  "n_test": 600,
  "accuracy_train": 0.9879166666666667,
  "accuracy_test": 0.85,
  "precision_macro": 0.8504259250963248,
  "recall_macro": 0.85,
  "f1_macro": 0.8498843334347554,
  "precision_weighted": 0.8504259250963248,
  "recall_weighted": 0.85,
  "f1_weighted": 0.8498843334347556,
  "classification_report_test": {
    "blackgram": {
      "precision": 0.8305084745762712,
      "recall": 0.8166666666666667,
      "f1-score": 0.8235294117647058,
      "support": 60.0
    },
    "chickpea": {
      "precision": 0.8333333333333334,
      "recall": 0.8333333333333334,
      "f1-score": 0.8333333333333334,
      "support": 60.0
    },
    "cotton": {
      "precision": 0.9180327868852459,
      "recall": 0.9333333333333333,
      "f1-score": 0.9256198347107438,
      "support": 60.0
    },
    "kidneybeans": {
      "precision": 0.8035714285714286,
      "recall": 0.75,
      "f1-score": 0.7758620689655172,
      "support": 60.0
    },
    "lentil": {
      "precision": 0.7777777777777778,
      "recall": 0.8166666666666667,
      "f1-score": 0.7967479674796748,
      "support": 60.0
    },
    "maize": {
      "precision": 0.8070175438596491,
      "recall": 0.7666666666666667,
      "f1-score": 0.7863247863247863,
      "support": 60.0
    },
    "mungbean": {
      "precision": 0.7580645161290323,
      "recall": 0.7833333333333333,
      "f1-score": 0.7704918032786885,
      "support": 60.0
    },
    "rice": {
      "precision": 0.9491525423728814,
      "recall": 0.9333333333333333,
      "f1-score": 0.9411764705882353,
      "support": 60.0
    },
    "sugarcane": {
      "precision": 0.9830508474576272,
      "recall": 0.9666666666666667,
      "f1-score": 0.9747899159663865,
      "support": 60.0
    },
    "wheat": {
      "precision": 0.84375,
      "recall": 0.9,
      "f1-score": 0.8709677419354839,
      "support": 60.0
    },
    "accuracy": 0.85,
    "macro avg": {
      "precision": 0.8504259250963248,
      "recall": 0.85,
      "f1-score": 0.8498843334347554,
      "support": 600.0
    },
    "weighted avg": {
      "precision": 0.8504259250963248,
      "recall": 0.85,
      "f1-score": 0.8498843334347556,
      "support": 600.0
    }
  },
  "confusion_matrix_test": [
    [
      49,
      0,
      0,
      0,
      3,
      0,
      8,
      0,
      0,
      0
    ],
    [
      0,
      50,
      0,
      3,
      6,
      0,
      0,
      0,
      0,
      1
    ],
    [
      0,
      0,
      56,
      0,
      0,
      2,
      0,
      0,
      0,
      2
    ],
    [
      0,
      6,
      0,
      45,
      4,
      0,
      5,
      0,
      0,
      0
    ],
    [
      1,
      3,
      0,
      5,
      49,
      0,
      2,
      0,
      0,
      0
    ],
    [
      0,
      0,
      4,
      0,
      0,
      46,
      0,
      3,
      1,
      6
    ],
    [
      9,
      0,
      0,
      3,
      1,
      0,
      47,
      0,
      0,
      0
    ],
    [
      0,
      0,
      0,
      0,
      0,
      3,
      0,
      56,
      0,
      1
    ],
    [
      0,
      0,
      0,
      0,
      0,
      2,
      0,
      0,
      58,
      0
    ],
    [
      0,
      1,
      1,
      0,
      0,
      4,
      0,
      0,
      0,
      54
    ]
  ],
  "confusion_matrix_labels": [
    "blackgram",
    "chickpea",
    "cotton",
    "kidneybeans",
    "lentil",
    "maize",
    "mungbean",
    "rice",
    "sugarcane",
    "wheat"
  ],
  "extras": {
    "algorithm": "RandomForestClassifier",
    "n_estimators": 200,
    "test_size": 0.2,
    "random_state": 42,
    "dataset_rows": 3000,
    "features": [
      "N",
      "P",
      "K",
      "temperature",
      "humidity",
      "ph",
      "rainfall"
    ]
  }
}