{
  "model_name": "fertilizer_random_forest",
  "n_train": 2400,
  "n_test": 600,
  "accuracy_train": 0.8883333333333333,
  "accuracy_test": 0.8466666666666667,
  "precision_macro": 0.6342691875780111,
  "recall_macro": 0.6203115803923851,
  "f1_macro": 0.6248263402633021,
  "precision_weighted": 0.8149392124833302,
  "recall_weighted": 0.8466666666666667,
  "f1_weighted": 0.8271482480288156,
  "classification_report_test": {
    "DAP": {
      "precision": 0.8269230769230769,
      "recall": 0.7543859649122807,
      "f1-score": 0.7889908256880734,
      "support": 57.0
    },
    "MOP": {
      "precision": 0.9,
      "recall": 0.9473684210526315,
      "f1-score": 0.9230769230769231,
      "support": 95.0
    },
    "NPK_10_26_26": {
      "precision": 0.8223938223938224,
      "recall": 0.9770642201834863,
      "f1-score": 0.8930817610062893,
      "support": 218.0
    },
    "NPK_19_19_19": {
      "precision": 0.8941176470588236,
      "recall": 0.8085106382978723,
      "f1-score": 0.8491620111731844,
      "support": 94.0
    },
    "Organic_Compost": {
      "precision": 0.8529411764705882,
      "recall": 0.8529411764705882,
      "f1-score": 0.8529411764705882,
      "support": 68.0
    },
    "SSP": {
      "precision": 0.0,
      "recall": 0.0,
      "f1-score": 0.0,
      "support": 12.0
    },
    "Urea": {
      "precision": 0.7777777777777778,
      "recall": 0.6222222222222222,
      "f1-score": 0.691358024691358,
      "support": 45.0
    },
    "Zinc_Sulphate": {
      "precision": 0.0,
      "recall": 0.0,
      "f1-score": 0.0,
      "support": 11.0
    },
    "accuracy": 0.8466666666666667,
    "macro avg": {
      "precision": 0.6342691875780111,
      "recall": 0.6203115803923851,
      "f1-score": 0.6248263402633021,
      "support": 600.0
    },
    "weighted avg": {
      "precision": 0.8149392124833302,
      "recall": 0.8466666666666667,
      "f1-score": 0.8271482480288156,
      "support": 600.0
    }
  },
  "confusion_matrix_test": [
    [
      43,
      1,
      10,
      1,
      2,
      0,
      0,
      0
    ],
    [
      1,
      90,
      3,
      0,
      1,
      0,
      0,
      0
    ],
    [
      1,
      0,
      213,
      2,
      0,
      0,
      2,
      0
    ],
    [
      3,
      4,
      5,
      76,
      5,
      0,
      1,
      0
    ],
    [
      0,
      3,
      4,
      0,
      58,
      0,
      3,
      0
    ],
    [
      1,
      1,
      8,
      1,
      0,
      0,
      1,
      0
    ],
    [
      3,
      0,
      12,
      1,
      1,
      0,
      28,
      0
    ],
    [
      0,
      1,
      4,
      4,
      1,
      0,
      1,
      0
    ]
  ],
  "confusion_matrix_labels": [
    "DAP",
    "MOP",
    "NPK_10_26_26",
    "NPK_19_19_19",
    "Organic_Compost",
    "SSP",
    "Urea",
    "Zinc_Sulphate"
  ],
  "extras": {
    "algorithm": "RandomForestClassifier",
    "n_estimators": 250,
    "test_size": 0.2,
    "random_state": 42,
    "dataset_rows": 3000,
    "numeric_features": [
      "temperature",
      "humidity",
      "moisture",
      "N",
      "P",
      "K"
    ],
    "categorical_features": [
      "soil_type",
      "crop_type"
    ]
  }
}